state,zone_class,occupancy_group,policies,written_premium,incurred_loss,loss_ratio,claims_per_100_policies,avg_severity
NM,Non-SFHA (B/C/X),Residential 2-4 units,1100.0,448844.0,2698240.77,6.012,2.0,134912.0
FL,SFHA - Velocity (V),Mobile / manufactured home,1068.0,1589964.0,6223653.28,3.914,12.45,49394.0
VT,Non-SFHA (B/C/X),Residential 5+ / condo assoc,1497.0,508605.0,1928161.82,3.791,0.8,192816.0
NJ,SFHA - Velocity (V),Residential 5+ / condo assoc,9999.0,4964311.0,15254851.11,3.073,0.81,272408.0
AR,Non-SFHA (B/C/X),Residential 2-4 units,3326.0,1704987.0,4984837.43,2.924,3.43,46587.0
TX,SFHA - Standard (A),Single family,2568920.0,2154200266.0,4846847372.65,2.25,2.31,93225.0
FL,SFHA - Standard (A),Mobile / manufactured home,63959.0,61493370.0,137261346.17,2.232,6.3,37128.0
NY,Non-SFHA (B/C/X),Residential 2-4 units,101433.0,50110252.0,111766808.12,2.23,2.94,41503.0
VI,SFHA - Standard (A),Residential 5+ / condo assoc,5373.0,1853176.0,4032996.49,2.176,0.74,155115.0
WI,Non-SFHA (B/C/X),Residential 5+ / condo assoc,8551.0,2465901.0,5208101.44,2.112,1.4,45685.0
NY,Non-SFHA (B/C/X),Single family,953567.0,462938049.0,967285705.64,2.089,2.45,46442.0
NJ,SFHA - Standard (A),Single family,1687571.0,1844841953.0,3771550645.93,2.044,4.76,51019.0
VI,Non-SFHA (B/C/X),Non-residential,2156.0,2306905.0,4606475.35,1.997,6.45,36852.0
NY,SFHA - Standard (A),Single family,1118925.0,1559742107.0,2842760483.1,1.823,4.67,58782.0
MO,SFHA - Standard (A),Residential 5+ / condo assoc,11804.0,13099719.0,23828228.75,1.819,2.13,103601.0
TX,Non-SFHA (B/C/X),Single family,7476605.0,3105715969.0,5646413361.06,1.818,1.04,84315.0
KY,SFHA - Standard (A),Mobile / manufactured home,2124.0,2112189.0,3762765.21,1.781,6.03,31620.0
OK,Non-SFHA (B/C/X),Residential 5+ / condo assoc,2722.0,1743103.0,3094112.98,1.775,3.23,45502.0
KS,Non-SFHA (B/C/X),Residential 5+ / condo assoc,2110.0,1399952.0,2469124.0,1.764,1.47,94966.0
TX,SFHA - Standard (A),Residential 5+ / condo assoc,423017.0,223382136.0,390831608.87,1.75,0.72,186822.0
KY,Non-SFHA (B/C/X),Residential 5+ / condo assoc,3538.0,1975110.0,3437129.32,1.74,1.07,90451.0
ND,Non-SFHA (B/C/X),Single family,120453.0,47896042.0,83147210.3,1.736,1.58,53129.0
KY,Non-SFHA (B/C/X),Residential 2-4 units,2208.0,1224154.0,2084248.53,1.703,2.45,40868.0
VT,SFHA - Standard (A),Residential 2-4 units,4434.0,6113013.0,9816181.94,1.606,6.22,39422.0
VT,SFHA - Standard (A),Residential 5+ / condo assoc,2161.0,2754534.0,4291333.28,1.558,4.3,57218.0
NJ,SFHA - Velocity (V),Non-residential,3044.0,16316475.0,25043196.76,1.535,4.8,200346.0
TX,Non-SFHA (B/C/X),Residential 5+ / condo assoc,287441.0,89029166.0,136582492.02,1.534,0.57,131836.0
NM,Non-SFHA (B/C/X),Residential 5+ / condo assoc,1705.0,596440.0,906153.38,1.519,1.06,90615.0
VT,SFHA - Standard (A),Non-residential,11048.0,31158450.0,47323290.46,1.519,5.23,98590.0
NJ,Non-SFHA (B/C/X),Non-residential,32484.0,70848450.0,106055432.47,1.497,2.99,131257.0
NJ,Non-SFHA (B/C/X),Residential 2-4 units,26695.0,17031986.0,24859994.58,1.46,2.99,34769.0
NY,SFHA - Standard (A),Residential 2-4 units,132064.0,188693191.0,274990672.13,1.457,4.94,45408.0
NC,SFHA - Standard (A),Non-residential,84342.0,184449970.0,266766650.33,1.446,3.76,96620.0
NY,Non-SFHA (B/C/X),Residential 5+ / condo assoc,253679.0,82277268.0,118533781.95,1.441,0.41,158892.0
SD,Non-SFHA (B/C/X),Single family,29932.0,12689541.0,18152878.12,1.431,3.57,25142.0
VT,Non-SFHA (B/C/X),Residential 2-4 units,1303.0,619005.0,878728.84,1.42,2.99,24409.0
VI,Non-SFHA (B/C/X),Single family,2423.0,1265265.0,1785977.21,1.412,2.39,40590.0
IA,Non-SFHA (B/C/X),Residential 5+ / condo assoc,7207.0,2153645.0,3023361.22,1.404,0.62,77522.0
NJ,SFHA - Standard (A),Non-residential,130857.0,469456399.0,657030084.46,1.4,4.73,121380.0
MO,SFHA - Standard (A),Single family,178876.0,145696160.0,201785254.36,1.385,3.66,34719.0
OH,Non-SFHA (B/C/X),Residential 5+ / condo assoc,14466.0,4132705.0,5689586.7,1.377,0.71,63928.0
NJ,SFHA - Velocity (V),Single family,23200.0,55421407.0,76147491.74,1.374,4.5,84421.0
VI,SFHA - Velocity (V),Residential 5+ / condo assoc,3027.0,793392.0,1082540.03,1.364,0.23,180423.0
VT,Non-SFHA (B/C/X),Single family,17994.0,8839563.0,12058124.35,1.364,2.18,35887.0
FL,SFHA - Velocity (V),Residential 5+ / condo assoc,916393.0,353759853.0,462620617.03,1.308,0.15,428352.0
VI,SFHA - Standard (A),Non-residential,3568.0,9931329.0,12934005.43,1.302,3.67,123181.0
TN,Non-SFHA (B/C/X),Residential 5+ / condo assoc,13195.0,4431888.0,5701083.91,1.286,0.52,101805.0
FL,SFHA - Standard (A),Residential 5+ / condo assoc,8721794.0,2372733434.0,3014490993.49,1.27,0.18,235507.0
NC,SFHA - Standard (A),Residential 5+ / condo assoc,148824.0,57872967.0,72823511.6,1.258,0.66,87845.0
AR,Non-SFHA (B/C/X),Single family,69266.0,26711403.0,33416148.01,1.251,1.62,35286.0
MO,SFHA - Standard (A),Non-residential,54987.0,110448302.0,135093511.73,1.223,3.62,76195.0
NY,Non-SFHA (B/C/X),Non-residential,54595.0,113374257.0,136716044.3,1.206,2.21,137819.0
AR,Non-SFHA (B/C/X),Residential 5+ / condo assoc,3960.0,2057017.0,2474259.18,1.203,1.24,60348.0
TN,SFHA - Standard (A),Single family,185132.0,157861634.0,189317442.78,1.199,3.07,37165.0
NJ,Non-SFHA (B/C/X),Single family,426369.0,206680341.0,241871634.17,1.17,2.05,32734.0
FL,SFHA - Standard (A),Residential unit in multi-unit,139423.0,82350642.0,95427834.86,1.159,3.68,26500.0
NC,SFHA - Standard (A),Single family,989670.0,699450377.0,810141490.91,1.158,2.82,33829.0
NE,Non-SFHA (B/C/X),Residential 5+ / condo assoc,1268.0,707211.0,803798.02,1.137,1.81,89311.0
TX,SFHA - Standard (A),Residential 2-4 units,64650.0,47564394.0,53909182.92,1.133,1.73,58789.0
TN,SFHA - Standard (A),Residential 5+ / condo assoc,22980.0,14178511.0,16055567.92,1.132,0.81,103584.0
LA,SFHA - Standard (A),Single family,3431557.0,2799608740.0,3163559250.13,1.13,1.6,67496.0
FL,SFHA - Standard (A),Single family,10728283.0,8451353041.0,9303422054.58,1.101,1.21,85028.0
KY,Non-SFHA (B/C/X),Single family,77335.0,32342737.0,35441349.36,1.096,2.03,26350.0
NY,SFHA - Standard (A),Non-residential,97076.0,372441608.0,397243299.38,1.067,3.27,148336.0
FL,SFHA - Velocity (V),Residential unit in multi-unit,15846.0,10002421.0,10675208.46,1.067,4.34,27656.0
NY,SFHA - Standard (A),Residential 5+ / condo assoc,265186.0,205263285.0,218150911.33,1.063,0.68,155047.0
TX,Non-SFHA (B/C/X),Residential 2-4 units,60079.0,25112932.0,25700392.98,1.023,1.43,44235.0
VT,SFHA - Standard (A),Single family,23956.0,29614478.0,29971217.14,1.012,4.55,32123.0
AR,Non-SFHA (B/C/X),Non-residential,6814.0,10171069.0,10208433.49,1.004,2.04,77927.0
KY,SFHA - Standard (A),Single family,211239.0,173576765.0,174181282.72,1.003,2.96,31187.0
MO,SFHA - Standard (A),Residential 2-4 units,10065.0,9766796.0,9796156.89,1.003,2.32,46648.0
TX,SFHA - Standard (A),Non-residential,258866.0,542021240.0,535199644.95,0.987,1.98,135288.0
AL,Non-SFHA (B/C/X),Residential 5+ / condo assoc,78430.0,14611794.0,14361862.64,0.983,0.18,146550.0
AL,Non-SFHA (B/C/X),Residential 2-4 units,4266.0,2233739.0,2144107.27,0.96,1.27,43757.0
NJ,SFHA - Standard (A),Residential 2-4 units,306401.0,359336140.0,343942069.25,0.957,3.79,33418.0
MO,Non-SFHA (B/C/X),Residential 2-4 units,3398.0,1485933.0,1411551.46,0.95,1.35,39210.0
WV,Non-SFHA (B/C/X),Single family,55339.0,22726725.0,21493951.3,0.946,1.78,25228.0
WI,Non-SFHA (B/C/X),Residential 2-4 units,3913.0,1545495.0,1461719.38,0.946,2.07,20024.0
TN,SFHA - Standard (A),Non-residential,43859.0,102898259.0,96739848.97,0.94,1.96,128302.0
TN,Non-SFHA (B/C/X),Single family,197001.0,80334581.0,75039620.62,0.934,1.49,30504.0
ND,Non-SFHA (B/C/X),Residential 2-4 units,4513.0,1690220.0,1565657.76,0.926,0.64,65236.0
MO,Non-SFHA (B/C/X),Single family,84646.0,34982629.0,32211308.91,0.921,1.69,27697.0
NJ,Non-SFHA (B/C/X),Residential 5+ / condo assoc,146720.0,41652873.0,38213228.4,0.917,0.25,133613.0
OK,Non-SFHA (B/C/X),Single family,91067.0,35798041.0,32513310.84,0.908,0.92,46249.0
TN,SFHA - Standard (A),Residential 2-4 units,11042.0,8179760.0,7360125.95,0.9,1.73,41349.0
PA,SFHA - Standard (A),Residential 5+ / condo assoc,58853.0,44437244.0,39931128.52,0.899,0.92,87377.0
FL,SFHA - Standard (A),Residential 2-4 units,506023.0,467471858.0,419705817.56,0.898,1.22,80311.0
FL,SFHA - Velocity (V),Non-residential,22001.0,115185781.0,101954239.66,0.885,4.05,158314.0
NC,SFHA - Standard (A),Mobile / manufactured home,4889.0,3532622.0,3116725.95,0.882,1.7,42695.0
NC,Non-SFHA (B/C/X),Mobile / manufactured home,2544.0,1259562.0,1107177.9,0.879,0.67,69199.0
LA,SFHA - Standard (A),Residential 5+ / condo assoc,208043.0,132111150.0,115776314.01,0.876,0.64,114178.0
KY,SFHA - Standard (A),Non-residential,34297.0,75355960.0,65504201.22,0.869,2.75,80571.0
NC,Non-SFHA (B/C/X),Non-residential,38467.0,61249974.0,53171993.68,0.868,1.66,99387.0
TN,Non-SFHA (B/C/X),Residential 2-4 units,5428.0,2120118.0,1837046.98,0.866,1.18,32229.0
VT,Non-SFHA (B/C/X),Non-residential,2558.0,4266505.0,3604778.14,0.845,2.58,68015.0
KS,SFHA - Standard (A),Residential 2-4 units,2896.0,1980159.0,1671008.39,0.844,1.62,45162.0
NJ,SFHA - Standard (A),Residential 5+ / condo assoc,916783.0,403410568.0,338555470.6,0.839,0.65,69121.0
RI,SFHA - Standard (A),Residential 5+ / condo assoc,23889.0,11558331.0,9695839.32,0.839,0.3,167170.0
IA,SFHA - Standard (A),Residential 5+ / condo assoc,5927.0,7033253.0,5821580.66,0.828,1.21,92406.0
AR,SFHA - Standard (A),Single family,152532.0,105911390.0,87664120.08,0.828,1.85,36076.0
KY,SFHA - Standard (A),Residential 5+ / condo assoc,20755.0,22596598.0,18540367.52,0.82,2.38,46120.0
TX,Non-SFHA (B/C/X),Non-residential,284348.0,510827326.0,417750363.1,0.818,1.62,119837.0
FL,SFHA - Velocity (V),Single family,169635.0,468071813.0,380113125.49,0.812,3.23,84639.0
OK,Non-SFHA (B/C/X),Non-residential,7203.0,10732608.0,8675456.95,0.808,1.93,72903.0
PR,Non-SFHA (B/C/X),Non-residential,5067.0,7705041.0,6198019.65,0.804,2.19,80494.0
RI,SFHA - Velocity (V),Non-residential,2842.0,17443657.0,13978373.59,0.801,4.08,148706.0
KY,SFHA - Standard (A),Residential 2-4 units,7558.0,6048307.0,4812127.45,0.796,2.28,30847.0
TN,Non-SFHA (B/C/X),Non-residential,16483.0,30066873.0,23703725.86,0.788,1.76,93322.0
KS,Non-SFHA (B/C/X),Residential 2-4 units,1846.0,753380.0,591687.55,0.785,1.14,34805.0
PA,Non-SFHA (B/C/X),Residential unit in multi-unit,1289.0,445842.0,348803.49,0.782,1.47,24915.0
IA,Non-SFHA (B/C/X),Single family,72955.0,29022316.0,22495716.8,0.775,1.5,25107.0
PA,SFHA - Standard (A),Residential 2-4 units,32108.0,31228929.0,24172461.65,0.774,2.85,28949.0
AK,Non-SFHA (B/C/X),Single family,12510.0,4770565.0,3685792.92,0.773,0.76,47867.0
PA,Non-SFHA (B/C/X),Single family,306581.0,131095295.0,101028180.62,0.771,1.6,24504.0
RI,SFHA - Standard (A),Non-residential,10822.0,39553963.0,30248228.61,0.765,2.95,108417.0
PR,Non-SFHA (B/C/X),Single family,30702.0,9928477.0,7414707.11,0.747,1.27,24716.0
NC,Non-SFHA (B/C/X),Residential 2-4 units,19331.0,12072801.0,8903670.62,0.737,1.15,46133.0
PA,Non-SFHA (B/C/X),Residential 2-4 units,21256.0,9690305.0,7114212.77,0.734,1.2,30931.0
FL,Non-SFHA (B/C/X),Mobile / manufactured home,16499.0,8443561.0,6023299.21,0.713,1.78,25308.0
LA,Non-SFHA (B/C/X),Single family,3420141.0,1462238345.0,1025326640.5,0.701,0.64,58036.0
GA,SFHA - Standard (A),Mobile / manufactured home,2118.0,1612740.0,1128522.52,0.7,2.69,26245.0
IL,Non-SFHA (B/C/X),Residential 2-4 units,5929.0,2692860.0,1878953.42,0.698,3.54,10556.0
NC,SFHA - Standard (A),Residential 2-4 units,39318.0,37278941.0,25863622.67,0.694,1.9,39790.0
FL,SFHA - Velocity (V),Residential 2-4 units,15723.0,37738072.0,25786692.24,0.683,1.84,111150.0
ND,SFHA - Standard (A),Single family,46887.0,40774857.0,27708175.16,0.68,3.14,21087.0
TX,Non-SFHA (B/C/X),Mobile / manufactured home,6636.0,3217631.0,2186039.61,0.679,1.49,23506.0
KY,Non-SFHA (B/C/X),Non-residential,12152.0,21616972.0,14535417.41,0.672,2.36,62117.0
NE,Non-SFHA (B/C/X),Single family,35666.0,15012971.0,10059036.06,0.67,1.46,26824.0
CT,Non-SFHA (B/C/X),Non-residential,10498.0,22515420.0,14823706.4,0.658,2.15,78020.0
WA,SFHA - Standard (A),Residential 5+ / condo assoc,24085.0,15478905.0,10124614.46,0.654,0.46,119113.0
OK,SFHA - Standard (A),Single family,108045.0,88800375.0,57641372.48,0.649,1.3,47835.0
LA,SFHA - Velocity (V),Non-residential,3948.0,21101853.0,13678764.61,0.648,7.98,60259.0
SD,Non-SFHA (B/C/X),Non-residential,5262.0,8610164.0,5515295.33,0.641,1.33,106063.0
RI,Non-SFHA (B/C/X),Residential 2-4 units,2583.0,1481700.0,948024.51,0.64,1.59,25622.0
CT,SFHA - Velocity (V),Single family,22151.0,64480458.0,41227772.18,0.639,4.46,48051.0
RI,Non-SFHA (B/C/X),Non-residential,3926.0,9108588.0,5821477.68,0.639,1.48,123861.0
WA,SFHA - Standard (A),Residential 2-4 units,11475.0,10387898.0,6563406.2,0.632,1.0,64347.0
PA,Non-SFHA (B/C/X),Non-residential,50111.0,103887248.0,64420548.48,0.62,1.87,79926.0
FL,SFHA - Standard (A),Non-residential,684070.0,1459091814.0,900964526.38,0.617,1.48,118392.0
NC,Non-SFHA (B/C/X),Single family,781607.0,358972182.0,221301672.44,0.616,1.04,33288.0
CT,SFHA - Standard (A),Single family,256409.0,415386771.0,254546389.13,0.613,3.16,35671.0
PA,SFHA - Standard (A),Non-residential,96437.0,300597501.0,184013416.16,0.612,2.62,85508.0
SD,SFHA - Standard (A),Single family,27997.0,26715697.0,16255919.07,0.608,2.5,26519.0
NC,SFHA - Velocity (V),Non-residential,3539.0,14528939.0,8800727.14,0.606,17.01,16668.0
PA,SFHA - Standard (A),Single family,425573.0,459014262.0,278116425.75,0.606,2.82,26275.0
IA,SFHA - Standard (A),Non-residential,26770.0,56857092.0,34342048.49,0.604,2.74,54425.0
OK,Non-SFHA (B/C/X),Residential 2-4 units,2025.0,781456.0,464494.94,0.594,0.89,33178.0
MO,Non-SFHA (B/C/X),Non-residential,22390.0,43687660.0,25906454.65,0.593,1.52,89026.0
AL,Non-SFHA (B/C/X),Single family,213007.0,89060358.0,52830965.63,0.593,0.98,32313.0
CO,Non-SFHA (B/C/X),Residential 5+ / condo assoc,24221.0,7526068.0,4372927.57,0.581,0.37,71687.0
ND,Non-SFHA (B/C/X),Non-residential,9712.0,13995651.0,8118641.29,0.58,2.89,41211.0
NC,Non-SFHA (B/C/X),Residential 5+ / condo assoc,89039.0,24284721.0,13970166.51,0.575,0.22,95686.0
ND,Non-SFHA (B/C/X),Residential 5+ / condo assoc,5488.0,2027089.0,1160264.93,0.572,0.42,58013.0
WI,Non-SFHA (B/C/X),Non-residential,6892.0,11478105.0,6533069.84,0.569,1.38,89494.0
AL,SFHA - Standard (A),Single family,308042.0,235453614.0,132600764.62,0.563,1.36,38258.0
WV,SFHA - Standard (A),Residential 2-4 units,4677.0,3247389.0,1824520.45,0.562,1.86,23095.0
IL,Non-SFHA (B/C/X),Non-residential,16119.0,32198758.0,17930077.47,0.557,1.73,74709.0
CT,Non-SFHA (B/C/X),Single family,130543.0,65085627.0,36208392.81,0.556,1.51,22051.0
NY,SFHA - Velocity (V),Single family,26343.0,85711221.0,46686809.03,0.545,3.57,59626.0
PA,Non-SFHA (B/C/X),Residential 5+ / condo assoc,29276.0,9985782.0,5369113.87,0.538,0.44,55352.0
SC,SFHA - Standard (A),Mobile / manufactured home,2913.0,2566490.0,1368083.34,0.533,1.68,30402.0
LA,SFHA - Standard (A),Non-residential,293870.0,602641676.0,317612459.91,0.527,1.41,97487.0
NE,SFHA - Standard (A),Single family,102634.0,83008679.0,43454483.86,0.523,1.56,32697.0
LA,SFHA - Velocity (V),Single family,37654.0,71669761.0,36908284.68,0.515,3.64,33675.0
NJ,SFHA - Velocity (V),Residential 2-4 units,4176.0,10278214.0,5295778.08,0.515,3.18,50921.0
NY,SFHA - Velocity (V),Non-residential,3935.0,22226754.0,11286936.26,0.508,3.91,98147.0
NE,Non-SFHA (B/C/X),Non-residential,5701.0,8068679.0,4064041.25,0.504,0.77,145144.0
IL,Non-SFHA (B/C/X),Residential 5+ / condo assoc,29172.0,8591252.0,4288167.86,0.499,0.41,44208.0
AR,SFHA - Standard (A),Residential 2-4 units,13520.0,8100377.0,3972465.26,0.49,0.91,36782.0
CT,SFHA - Velocity (V),Non-residential,1924.0,9804884.0,4791853.1,0.489,3.48,92151.0
LA,Non-SFHA (B/C/X),Residential 5+ / condo assoc,162487.0,51565937.0,25210089.63,0.489,0.24,96222.0
WV,SFHA - Standard (A),Residential 5+ / condo assoc,3437.0,5698193.0,2703817.19,0.475,1.45,65947.0
MN,SFHA - Standard (A),Non-residential,9985.0,20946716.0,9953467.53,0.475,2.33,50783.0
NY,SFHA - Velocity (V),Residential 5+ / condo assoc,18774.0,17863830.0,8454722.24,0.473,0.35,187883.0
ME,SFHA - Standard (A),Residential 2-4 units,3330.0,4447237.0,2096968.34,0.472,1.47,46599.0
IA,SFHA - Standard (A),Single family,96117.0,82879016.0,38222951.39,0.461,2.09,22444.0
NY,SFHA - Velocity (V),Residential 2-4 units,1380.0,3526858.0,1621214.99,0.46,3.04,42664.0
NC,Non-SFHA (B/C/X),Residential unit in multi-unit,4396.0,1360653.0,625172.26,0.459,0.45,39073.0
MI,Non-SFHA (B/C/X),Single family,95426.0,41335745.0,18791018.28,0.455,1.39,19473.0
DE,Non-SFHA (B/C/X),Residential unit in multi-unit,1275.0,448090.0,202767.12,0.453,0.08,202767.0
OK,SFHA - Standard (A),Residential 5+ / condo assoc,3759.0,4765214.0,2153669.01,0.452,1.57,61533.0
MI,Non-SFHA (B/C/X),Residential 5+ / condo assoc,9273.0,4034537.0,1795715.05,0.445,0.88,26408.0
OK,SFHA - Standard (A),Non-residential,22635.0,37769188.0,16810324.91,0.445,1.53,59191.0
ME,SFHA - Standard (A),Residential 5+ / condo assoc,10654.0,6194193.0,2727453.18,0.44,0.49,58031.0
OH,Non-SFHA (B/C/X),Non-residential,17710.0,30932070.0,13573113.6,0.439,1.28,69606.0
MD,SFHA - Standard (A),Non-residential,28648.0,75537555.0,33179631.07,0.439,1.7,78439.0
VA,SFHA - Standard (A),Residential 2-4 units,24208.0,21735623.0,9534645.29,0.439,2.19,20461.0
AR,SFHA - Standard (A),Residential 5+ / condo assoc,7408.0,7314801.0,3194960.0,0.437,0.86,67978.0
LA,SFHA - Standard (A),Residential 2-4 units,272497.0,221720423.0,96783524.37,0.437,0.86,52543.0
NE,SFHA - Standard (A),Non-residential,27002.0,37604650.0,16260345.85,0.432,0.78,101627.0
WI,SFHA - Standard (A),Non-residential,17896.0,34526992.0,14900609.19,0.432,1.09,97390.0
LA,SFHA - Velocity (V),Residential 5+ / condo assoc,3488.0,3274092.0,1402703.45,0.428,2.35,23775.0
IL,SFHA - Standard (A),Residential 2-4 units,11721.0,14274099.0,6102873.81,0.428,3.11,19436.0
IL,Non-SFHA (B/C/X),Single family,191521.0,81993872.0,34892027.24,0.426,1.59,14282.0
WI,Non-SFHA (B/C/X),Single family,78859.0,33329254.0,14088758.23,0.423,1.12,20272.0
IA,Non-SFHA (B/C/X),Residential 2-4 units,2951.0,1506922.0,636142.18,0.422,1.25,19277.0
NM,SFHA - Standard (A),Residential 5+ / condo assoc,3812.0,3688974.0,1553949.62,0.421,0.63,86331.0
WV,SFHA - Standard (A),Single family,169047.0,133412585.0,55938415.32,0.419,1.61,23673.0
WA,Non-SFHA (B/C/X),Residential 5+ / condo assoc,24055.0,7680845.0,3201054.06,0.417,0.13,128042.0
AR,SFHA - Standard (A),Non-residential,29512.0,48356539.0,20129905.95,0.416,1.25,68469.0
MS,SFHA - Standard (A),Single family,461872.0,312605869.0,129714476.1,0.415,1.19,29440.0
WV,Non-SFHA (B/C/X),Non-residential,9245.0,18473137.0,7668433.77,0.415,1.49,66682.0
MS,SFHA - Standard (A),Residential 2-4 units,17750.0,11485359.0,4763019.93,0.415,0.75,48111.0
MS,Non-SFHA (B/C/X),Single family,454584.0,174213878.0,71900973.28,0.413,0.68,28196.0
NH,SFHA - Standard (A),Residential 5+ / condo assoc,29221.0,13159142.0,5440811.84,0.413,0.35,65552.0
GA,SFHA - Standard (A),Residential 5+ / condo assoc,99082.0,49418868.0,20380947.7,0.412,0.31,78388.0
AL,Non-SFHA (B/C/X),Non-residential,20934.0,39026994.0,16037876.99,0.411,1.13,80592.0
TN,SFHA - Standard (A),Mobile / manufactured home,1020.0,1006372.0,412926.8,0.41,1.96,24290.0
WV,SFHA - Standard (A),Non-residential,29547.0,86602918.0,35258954.32,0.407,1.84,75501.0
MO,Non-SFHA (B/C/X),Residential 5+ / condo assoc,6423.0,2026257.0,813898.17,0.402,0.64,23938.0
WA,SFHA - Velocity (V),Single family,5598.0,7670180.0,3068528.9,0.4,1.36,51142.0
IA,Non-SFHA (B/C/X),Non-residential,18531.0,36691600.0,14469102.84,0.394,1.5,63461.0
OH,Non-SFHA (B/C/X),Residential 2-4 units,4763.0,1923123.0,758610.88,0.394,0.84,21675.0
VA,SFHA - Standard (A),Residential 5+ / condo assoc,160588.0,67599113.0,26525584.06,0.392,0.39,52216.0
VA,Non-SFHA (B/C/X),Residential 5+ / condo assoc,99136.0,24320149.0,9476364.71,0.39,0.17,67208.0
IN,Non-SFHA (B/C/X),Non-residential,9548.0,15637929.0,6071505.84,0.388,1.36,55196.0
IN,Non-SFHA (B/C/X),Residential 5+ / condo assoc,5758.0,2230547.0,855571.27,0.384,0.26,71298.0
OH,Non-SFHA (B/C/X),Single family,163953.0,66521782.0,25456737.38,0.383,1.1,17556.0
AL,SFHA - Standard (A),Residential 2-4 units,16390.0,12729877.0,4836676.93,0.38,1.28,32903.0
DC,Non-SFHA (B/C/X),Residential 5+ / condo assoc,10597.0,2557771.0,971552.57,0.38,0.08,242888.0
ME,SFHA - Standard (A),Non-residential,9590.0,26593345.0,10076442.59,0.379,1.99,67627.0
IL,SFHA - Standard (A),Non-residential,36558.0,93729836.0,35536288.64,0.379,1.92,60746.0
KS,SFHA - Standard (A),Residential 5+ / condo assoc,3584.0,3818819.0,1440924.67,0.377,0.61,96062.0
CT,Non-SFHA (B/C/X),Residential unit in multi-unit,1199.0,520241.0,195305.98,0.375,1.08,19531.0
MN,Non-SFHA (B/C/X),Single family,89021.0,35732680.0,13396496.5,0.375,1.36,14252.0
SD,SFHA - Standard (A),Non-residential,6580.0,10750833.0,4022113.22,0.374,1.5,51566.0
AK,SFHA - Standard (A),Non-residential,4220.0,6843778.0,2557275.76,0.374,0.38,170485.0
ME,SFHA - Velocity (V),Single family,6756.0,13519819.0,5041762.23,0.373,2.22,43092.0
WI,SFHA - Standard (A),Residential 5+ / condo assoc,5797.0,5283686.0,1946852.32,0.368,0.26,139061.0
GA,SFHA - Standard (A),Single family,650900.0,538623878.0,197873004.95,0.367,0.99,38281.0
WA,SFHA - Standard (A),Single family,307893.0,282486571.0,102518281.16,0.363,1.1,34541.0
MS,Non-SFHA (B/C/X),Residential 2-4 units,10212.0,3926094.0,1417157.61,0.361,0.6,30808.0
IL,SFHA - Standard (A),Single family,329176.0,378948026.0,136327649.14,0.36,2.62,18822.0
NJ,Non-SFHA (B/C/X),Residential unit in multi-unit,4923.0,2327514.0,838940.97,0.36,0.77,31072.0
OH,SFHA - Standard (A),Residential 2-4 units,12180.0,10136398.0,3636435.04,0.359,1.45,23924.0
VI,SFHA - Standard (A),Residential 2-4 units,1333.0,1408228.0,505165.12,0.359,1.73,31573.0
PR,SFHA - Standard (A),Non-residential,25933.0,45979548.0,16318484.82,0.355,1.3,61812.0
IA,SFHA - Standard (A),Residential 2-4 units,3387.0,2865916.0,1016961.52,0.355,1.12,30817.0
GA,Non-SFHA (B/C/X),Non-residential,25301.0,40760361.0,14434198.05,0.354,0.72,101649.0
NC,SFHA - Velocity (V),Residential 5+ / condo assoc,47440.0,27931655.0,9774977.49,0.35,0.27,103989.0
IN,Non-SFHA (B/C/X),Single family,116508.0,47889409.0,16704292.3,0.349,0.93,18727.0
SD,Non-SFHA (B/C/X),Residential 5+ / condo assoc,1770.0,1012822.0,348862.26,0.344,0.51,49837.0
CT,SFHA - Velocity (V),Residential 5+ / condo assoc,7675.0,3777586.0,1299126.72,0.344,0.29,92795.0
MI,SFHA - Standard (A),Non-residential,18730.0,46929509.0,15861234.47,0.338,1.07,99133.0
GA,Non-SFHA (B/C/X),Residential 5+ / condo assoc,44363.0,12337684.0,4139124.47,0.335,0.17,75257.0
CT,SFHA - Standard (A),Non-residential,34052.0,118687625.0,39617928.74,0.334,1.81,81018.0
CT,SFHA - Standard (A),Residential 2-4 units,23441.0,40131340.0,13235804.0,0.33,2.74,24241.0
MT,Non-SFHA (B/C/X),Single family,33930.0,13684012.0,4491438.92,0.328,1.02,16697.0
MN,Non-SFHA (B/C/X),Non-residential,6490.0,11743503.0,3854104.2,0.328,1.56,44815.0
IL,SFHA - Standard (A),Residential 5+ / condo assoc,95977.0,40637828.0,13240070.63,0.326,0.29,57817.0
WA,Non-SFHA (B/C/X),Single family,208740.0,85574059.0,27846608.33,0.325,0.55,31218.0
SC,SFHA - Standard (A),Single family,1263441.0,983802667.0,318881100.04,0.324,0.99,31651.0
OH,SFHA - Standard (A),Non-residential,50243.0,127619240.0,41406959.64,0.324,1.47,64800.0
DE,SFHA - Standard (A),Non-residential,9712.0,26240905.0,8382039.04,0.319,1.31,76899.0
CO,SFHA - Standard (A),Single family,95690.0,105673083.0,33472245.69,0.317,1.06,40720.0
CO,Non-SFHA (B/C/X),Single family,133636.0,55211048.0,17362196.91,0.314,1.11,16535.0
NM,Non-SFHA (B/C/X),Single family,57070.0,26878375.0,8431946.12,0.314,0.48,47106.0
VA,SFHA - Standard (A),Single family,701573.0,619927075.0,194471436.76,0.314,1.69,18500.0
GA,Non-SFHA (B/C/X),Residential 2-4 units,12153.0,6075723.0,1885401.57,0.31,0.45,37708.0
AZ,Non-SFHA (B/C/X),Residential 2-4 units,2836.0,1184112.0,366289.55,0.309,0.53,28176.0
AL,SFHA - Standard (A),Residential 5+ / condo assoc,165696.0,42705426.0,13132876.5,0.308,0.25,40039.0
VI,SFHA - Standard (A),Single family,8473.0,8845127.0,2712286.81,0.307,1.57,31176.0
GA,SFHA - Standard (A),Non-residential,45312.0,99339174.0,30103333.33,0.303,0.86,104890.0
PR,SFHA - Standard (A),Residential 2-4 units,11754.0,8245865.0,2479313.85,0.301,1.35,19219.0
LA,Non-SFHA (B/C/X),Residential 2-4 units,224198.0,100969517.0,30303843.76,0.3,0.42,42562.0
IN,SFHA - Standard (A),Non-residential,30129.0,64749720.0,19316941.34,0.298,1.14,66841.0
ME,SFHA - Standard (A),Single family,51589.0,57595988.0,17103506.87,0.297,1.18,34276.0
WV,SFHA - Standard (A),Mobile / manufactured home,2305.0,1877647.0,557549.87,0.297,1.87,16895.0
TX,Non-SFHA (B/C/X),Residential unit in multi-unit,28148.0,9440129.0,2807144.65,0.297,0.33,36456.0
GA,SFHA - Standard (A),Residential 2-4 units,20098.0,15908061.0,4698213.28,0.295,0.8,35864.0
MO,SFHA - Standard (A),Mobile / manufactured home,1195.0,801224.0,235913.77,0.294,2.18,9437.0
RI,SFHA - Standard (A),Residential 2-4 units,6973.0,11740820.0,3441442.55,0.293,2.8,22347.0
MA,SFHA - Velocity (V),Residential 5+ / condo assoc,14500.0,12088916.0,3534578.94,0.292,0.61,57009.0
CT,Non-SFHA (B/C/X),Residential 2-4 units,7265.0,4615688.0,1343476.38,0.291,1.51,15267.0
MI,Non-SFHA (B/C/X),Non-residential,5522.0,9979690.0,2889464.32,0.29,1.41,53509.0
TX,SFHA - Standard (A),Mobile / manufactured home,11650.0,8980707.0,2582408.2,0.288,0.64,43770.0
GA,Non-SFHA (B/C/X),Single family,604963.0,248505844.0,70720837.88,0.285,0.56,29043.0
SC,Non-SFHA (B/C/X),Single family,1002316.0,408791123.0,116426397.72,0.285,0.41,35637.0
MD,Non-SFHA (B/C/X),Non-residential,14368.0,26041475.0,7367909.35,0.283,0.89,70171.0
WA,Non-SFHA (B/C/X),Residential unit in multi-unit,1337.0,486951.0,137336.37,0.282,0.45,22889.0
SC,Non-SFHA (B/C/X),Mobile / manufactured home,2556.0,1189525.0,330553.9,0.278,1.1,13773.0
CO,Non-SFHA (B/C/X),Non-residential,10319.0,18175148.0,5028571.84,0.277,1.06,68885.0
WA,SFHA - Standard (A),Mobile / manufactured home,3897.0,3995498.0,1105957.16,0.277,1.03,30721.0
IN,SFHA - Standard (A),Single family,237718.0,220426201.0,60968740.55,0.277,1.23,24252.0
SC,SFHA - Standard (A),Residential 5+ / condo assoc,606084.0,171061882.0,46910944.43,0.274,0.15,65794.0
ME,SFHA - Velocity (V),Non-residential,1487.0,5601074.0,1530219.69,0.273,3.56,51007.0
OR,Non-SFHA (B/C/X),Residential 2-4 units,5967.0,3181811.0,863563.51,0.271,0.42,45451.0
GA,SFHA - Standard (A),Residential unit in multi-unit,2058.0,940937.0,253181.74,0.269,1.07,16879.0
MA,Non-SFHA (B/C/X),Non-residential,14514.0,31761241.0,8527424.95,0.268,0.99,76138.0
MS,SFHA - Standard (A),Residential 5+ / condo assoc,28725.0,23718676.0,6367742.84,0.268,0.52,53964.0
ND,SFHA - Standard (A),Non-residential,5102.0,7598868.0,2029203.54,0.267,2.61,18789.0
SC,SFHA - Standard (A),Non-residential,60040.0,153729767.0,41111848.12,0.267,1.1,81088.0
DE,SFHA - Standard (A),Residential 5+ / condo assoc,86388.0,28715935.0,7667832.92,0.267,0.16,68463.0
IN,Non-SFHA (B/C/X),Residential 2-4 units,2447.0,1013770.0,270610.82,0.267,0.78,19329.0
KS,Non-SFHA (B/C/X),Single family,59841.0,23910908.0,6289747.62,0.263,0.86,16169.0
MS,SFHA - Standard (A),Non-residential,61296.0,113173039.0,29669268.32,0.262,1.0,61682.0
MI,SFHA - Standard (A),Residential 2-4 units,4145.0,4009723.0,1047474.06,0.261,1.35,23277.0
OK,SFHA - Standard (A),Residential 2-4 units,3779.0,2750769.0,711354.66,0.259,1.16,18240.0
WY,SFHA - Standard (A),Non-residential,2717.0,4154574.0,1071966.68,0.258,0.4,107197.0
RI,Non-SFHA (B/C/X),Single family,67020.0,31878563.0,8225464.83,0.258,1.3,11056.0
MS,Non-SFHA (B/C/X),Non-residential,42455.0,72968876.0,18774423.64,0.257,0.99,54577.0
MI,SFHA - Standard (A),Single family,230803.0,214785384.0,55043916.06,0.256,1.31,23746.0
AK,SFHA - Standard (A),Single family,22836.0,17015424.0,4361451.32,0.256,0.55,44963.0
ME,Non-SFHA (B/C/X),Single family,51969.0,25672768.0,6574146.24,0.256,0.62,27392.0
ME,SFHA - Velocity (V),Residential 5+ / condo assoc,1407.0,715095.0,178788.57,0.25,0.14,89394.0
AL,SFHA - Standard (A),Non-residential,38659.0,101548686.0,25413573.41,0.25,1.09,81979.0
MN,SFHA - Standard (A),Single family,63240.0,66819867.0,16340479.64,0.245,1.6,19879.0
CO,SFHA - Standard (A),Non-residential,27255.0,62430698.0,15229595.04,0.244,1.06,73219.0
NH,SFHA - Standard (A),Residential 2-4 units,6188.0,9061845.0,2212607.27,0.244,1.55,28367.0
LA,Non-SFHA (B/C/X),Non-residential,241664.0,418667047.0,101987654.05,0.244,0.74,74389.0
NM,Non-SFHA (B/C/X),Mobile / manufactured home,1104.0,1366012.0,333169.82,0.244,2.45,19598.0
FL,Non-SFHA (B/C/X),Residential unit in multi-unit,111578.0,42718797.0,10325436.43,0.242,0.38,39112.0
SC,Non-SFHA (B/C/X),Residential 5+ / condo assoc,285263.0,66313270.0,16057616.59,0.242,0.11,88716.0
LA,SFHA - Standard (A),Residential unit in multi-unit,8442.0,2946511.0,711651.92,0.242,0.84,18247.0
KS,SFHA - Standard (A),Single family,84276.0,69351247.0,16665341.73,0.24,0.9,26203.0
PA,SFHA - Standard (A),Mobile / manufactured home,1898.0,1630577.0,387174.56,0.237,1.95,13351.0
MN,SFHA - Standard (A),Residential 2-4 units,1003.0,958739.0,226620.59,0.236,1.6,14164.0
MS,Non-SFHA (B/C/X),Residential 5+ / condo assoc,24915.0,11069707.0,2608094.1,0.236,0.27,52162.0
SC,SFHA - Standard (A),Residential 2-4 units,54208.0,63305348.0,14894370.46,0.235,1.16,32100.0
HI,Non-SFHA (B/C/X),Single family,73797.0,36741717.0,8634503.1,0.235,0.38,40729.0
DE,Non-SFHA (B/C/X),Non-residential,3311.0,5895997.0,1376246.18,0.233,1.15,38229.0
FL,Non-SFHA (B/C/X),Single family,7056960.0,2851748032.0,658197312.28,0.231,0.29,46950.0
NH,SFHA - Standard (A),Non-residential,10347.0,26367450.0,6082322.76,0.231,1.3,56844.0
WI,SFHA - Standard (A),Single family,110637.0,106049186.0,24279578.13,0.229,1.16,22755.0
HI,SFHA - Velocity (V),Non-residential,2223.0,14228041.0,3240298.46,0.228,1.26,154300.0
ME,Non-SFHA (B/C/X),Non-residential,3191.0,6048758.0,1377391.46,0.228,0.88,57391.0
IN,SFHA - Standard (A),Residential 2-4 units,6183.0,5855996.0,1328389.0,0.227,0.95,27675.0
FL,Non-SFHA (B/C/X),Non-residential,321718.0,526243786.0,118826268.89,0.226,0.61,94456.0
MT,SFHA - Standard (A),Single family,39001.0,33965014.0,7606463.79,0.224,0.93,26689.0
KS,SFHA - Standard (A),Non-residential,15494.0,26881797.0,6031975.89,0.224,0.61,79368.0
FL,Non-SFHA (B/C/X),Residential 2-4 units,218813.0,109920830.0,24268322.19,0.221,0.27,55407.0
ME,Non-SFHA (B/C/X),Residential 5+ / condo assoc,4826.0,2384191.0,526408.31,0.221,0.27,65801.0
FL,Non-SFHA (B/C/X),Residential 5+ / condo assoc,2567781.0,562588271.0,123744707.06,0.22,0.07,136133.0
KS,Non-SFHA (B/C/X),Non-residential,8062.0,14099328.0,3074556.4,0.218,0.77,56936.0
MI,SFHA - Standard (A),Residential 5+ / condo assoc,26279.0,17325565.0,3780941.32,0.218,0.62,27007.0
WA,SFHA - Standard (A),Non-residential,50682.0,85261910.0,18403935.57,0.216,0.61,74510.0
CT,Non-SFHA (B/C/X),Residential 5+ / condo assoc,33631.0,10622946.0,2293849.06,0.216,0.21,53345.0
HI,SFHA - Standard (A),Single family,100144.0,139461750.0,29759152.98,0.213,0.65,56149.0
HI,SFHA - Standard (A),Non-residential,15239.0,64971779.0,13854640.86,0.213,1.22,103393.0
SD,Non-SFHA (B/C/X),Residential 2-4 units,1233.0,569418.0,120925.37,0.212,1.14,10993.0
MS,SFHA - Velocity (V),Non-residential,1696.0,14403497.0,3018625.28,0.21,3.36,86246.0
MI,Non-SFHA (B/C/X),Residential unit in multi-unit,1129.0,382436.0,78863.6,0.206,0.89,15773.0
IN,SFHA - Standard (A),Residential 5+ / condo assoc,11429.0,10297544.0,2120250.0,0.206,0.3,84810.0
VA,SFHA - Standard (A),Non-residential,53123.0,145585791.0,29963113.43,0.206,1.12,60288.0
NH,SFHA - Velocity (V),Single family,1339.0,2201588.0,450782.49,0.205,1.79,21466.0
ME,Non-SFHA (B/C/X),Residential 2-4 units,2294.0,1746815.0,357542.59,0.205,0.65,25539.0
CT,SFHA - Standard (A),Residential 5+ / condo assoc,110603.0,55659150.0,11421527.51,0.205,0.25,53123.0
SC,Non-SFHA (B/C/X),Non-residential,45859.0,74940358.0,15336716.46,0.205,0.69,63114.0
RI,Non-SFHA (B/C/X),Residential 5+ / condo assoc,12014.0,3592842.0,722287.53,0.201,0.18,45143.0
CA,Non-SFHA (B/C/X),Residential 5+ / condo assoc,102320.0,41938453.0,8446421.74,0.201,0.11,112619.0
MD,SFHA - Standard (A),Residential 2-4 units,13016.0,12061276.0,2370705.08,0.197,0.95,23947.0
OH,SFHA - Standard (A),Residential 5+ / condo assoc,26104.0,19028649.0,3736101.97,0.196,0.36,55763.0
NV,SFHA - Standard (A),Residential 2-4 units,2361.0,1542839.0,299283.61,0.194,0.3,49881.0
VA,Non-SFHA (B/C/X),Non-residential,22303.0,39422426.0,7619888.36,0.193,0.92,46748.0
TX,SFHA - Velocity (V),Non-residential,4881.0,25878576.0,4906115.85,0.19,2.62,47632.0
AR,SFHA - Standard (A),Mobile / manufactured home,1215.0,798122.0,150644.12,0.189,0.82,16738.0
OH,Non-SFHA (B/C/X),Residential unit in multi-unit,1569.0,548185.0,103523.78,0.189,0.25,25881.0
RI,SFHA - Standard (A),Single family,87960.0,125920195.0,23192587.88,0.184,1.68,20011.0
TN,Non-SFHA (B/C/X),Residential unit in multi-unit,1893.0,886123.0,163439.31,0.184,0.21,81720.0
NE,SFHA - Standard (A),Residential 5+ / condo assoc,3310.0,3222147.0,589035.93,0.183,0.3,58904.0
OR,SFHA - Velocity (V),Residential 5+ / condo assoc,6723.0,2745063.0,499006.96,0.182,0.16,166336.0
MA,Non-SFHA (B/C/X),Single family,203699.0,102716340.0,18589212.31,0.181,0.74,15250.0
AZ,Non-SFHA (B/C/X),Single family,155536.0,64263414.0,11657753.41,0.181,0.32,33025.0
VA,SFHA - Standard (A),Mobile / manufactured home,1235.0,1069107.0,192072.8,0.18,0.65,24009.0
OR,SFHA - Standard (A),Residential 2-4 units,10090.0,8363387.0,1470832.73,0.176,0.33,49028.0
SC,SFHA - Velocity (V),Non-residential,2530.0,21300176.0,3705810.11,0.174,2.81,72663.0
VA,Non-SFHA (B/C/X),Residential 2-4 units,16835.0,8941822.0,1552224.47,0.174,0.64,17441.0
SC,SFHA - Standard (A),Residential unit in multi-unit,5277.0,2750443.0,472647.05,0.172,0.8,13504.0
MA,SFHA - Velocity (V),Residential 2-4 units,4631.0,10330137.0,1753646.85,0.17,1.47,29723.0
AL,SFHA - Velocity (V),Residential 5+ / condo assoc,59285.0,15809813.0,2675052.62,0.169,0.14,45340.0
RI,SFHA - Velocity (V),Single family,14928.0,38547023.0,6473062.1,0.168,1.81,32045.0
NY,Non-SFHA (B/C/X),Residential unit in multi-unit,7235.0,3114144.0,523838.68,0.168,0.88,13432.0
MA,Non-SFHA (B/C/X),Residential 2-4 units,17474.0,10478514.0,1754998.97,0.167,0.8,15395.0
CO,SFHA - Standard (A),Residential 5+ / condo assoc,44017.0,21870527.0,3634822.58,0.166,0.21,54251.0
MA,SFHA - Standard (A),Non-residential,43996.0,160470089.0,26415714.27,0.165,1.24,60172.0
MI,Non-SFHA (B/C/X),Residential 2-4 units,2303.0,977619.0,161093.99,0.165,1.35,6444.0
MA,SFHA - Velocity (V),Single family,56337.0,127441878.0,20725981.45,0.163,1.48,31167.0
AL,SFHA - Velocity (V),Single family,27294.0,48289197.0,7802801.51,0.162,2.84,12307.0
CA,SFHA - Velocity (V),Residential 2-4 units,2357.0,4583282.0,742763.99,0.162,0.76,57136.0
MA,SFHA - Velocity (V),Non-residential,4748.0,27303084.0,4325221.54,0.158,1.62,84808.0
NH,Non-SFHA (B/C/X),Non-residential,2955.0,5695626.0,884478.39,0.155,0.47,80407.0
HI,SFHA - Velocity (V),Residential 5+ / condo assoc,69484.0,56594625.0,8697496.84,0.154,0.06,299914.0
HI,Non-SFHA (B/C/X),Residential 2-4 units,4837.0,4552614.0,695718.17,0.153,0.66,24847.0
WA,Non-SFHA (B/C/X),Mobile / manufactured home,1090.0,687565.0,105199.28,0.153,0.46,21040.0
CA,Non-SFHA (B/C/X),Residential unit in multi-unit,11043.0,4758731.0,725040.31,0.152,0.42,25001.0
GA,Non-SFHA (B/C/X),Residential unit in multi-unit,2617.0,844230.0,126893.35,0.15,0.53,18128.0
VA,Non-SFHA (B/C/X),Single family,716740.0,285563766.0,42617702.54,0.149,0.56,14711.0
NH,Non-SFHA (B/C/X),Residential 5+ / condo assoc,7989.0,3018474.0,448527.31,0.149,0.24,32038.0
HI,SFHA - Standard (A),Residential 2-4 units,8500.0,12944349.0,1929137.12,0.149,0.48,60286.0
PR,SFHA - Standard (A),Single family,219710.0,109801107.0,16281797.57,0.148,0.77,12902.0
OH,SFHA - Standard (A),Single family,289321.0,263860511.0,38779539.86,0.147,1.09,15190.0
GA,SFHA - Velocity (V),Single family,5022.0,15330719.0,2218673.5,0.145,1.49,49304.0
CO,Non-SFHA (B/C/X),Residential 2-4 units,5694.0,2740078.0,394507.05,0.144,0.88,10662.0
SC,SFHA - Velocity (V),Residential 2-4 units,2207.0,7916306.0,1139880.05,0.144,2.22,30808.0
NH,Non-SFHA (B/C/X),Single family,33442.0,15295909.0,2174515.28,0.142,0.58,14306.0
WA,Non-SFHA (B/C/X),Residential 2-4 units,7730.0,4176926.0,587060.78,0.141,0.41,34533.0
WI,SFHA - Standard (A),Residential 2-4 units,7022.0,5759955.0,803830.22,0.14,0.73,18694.0
MD,SFHA - Standard (A),Single family,310004.0,266551579.0,37022279.49,0.139,0.94,15842.0
CO,SFHA - Standard (A),Residential 2-4 units,7535.0,8206381.0,1144112.33,0.139,1.09,20072.0
MT,SFHA - Standard (A),Non-residential,5462.0,6272816.0,854557.15,0.136,0.7,47475.0
CA,SFHA - Velocity (V),Single family,15630.0,45759476.0,6119896.67,0.134,0.88,68763.0
CA,SFHA - Standard (A),Mobile / manufactured home,6256.0,5671512.0,754335.6,0.133,0.56,32797.0
ID,Non-SFHA (B/C/X),Single family,36499.0,16220835.0,2158261.83,0.133,0.53,15870.0
NV,Non-SFHA (B/C/X),Single family,66250.0,26436140.0,3446080.28,0.13,0.25,28959.0
SC,SFHA - Velocity (V),Residential 5+ / condo assoc,79961.0,52002085.0,6747300.71,0.13,0.12,76674.0
AZ,Non-SFHA (B/C/X),Non-residential,10850.0,16993412.0,2173315.89,0.128,0.38,72444.0
GU,SFHA - Standard (A),Single family,1824.0,2520675.0,317011.86,0.126,0.88,26418.0
MD,Non-SFHA (B/C/X),Single family,303565.0,120444049.0,15225166.55,0.126,0.74,10669.0
DE,Non-SFHA (B/C/X),Residential 2-4 units,2814.0,3137913.0,396113.22,0.126,0.32,49514.0
CA,SFHA - Velocity (V),Non-residential,1471.0,8991820.0,1136245.66,0.126,0.75,162321.0
CA,SFHA - Velocity (V),Residential 5+ / condo assoc,12562.0,7648594.0,953879.52,0.125,0.08,190776.0
VA,Non-SFHA (B/C/X),Residential unit in multi-unit,5609.0,1850448.0,231541.49,0.125,0.34,14471.0
NM,Non-SFHA (B/C/X),Non-residential,4626.0,6281367.0,773923.58,0.123,0.99,32247.0
NH,SFHA - Standard (A),Single family,48949.0,62066880.0,7542985.95,0.122,0.99,19694.0
LA,SFHA - Standard (A),Mobile / manufactured home,29741.0,18722662.0,2268827.57,0.121,0.68,16441.0
DC,Non-SFHA (B/C/X),Single family,17385.0,5818158.0,687324.83,0.118,1.3,5091.0
AL,SFHA - Standard (A),Residential unit in multi-unit,1443.0,672532.0,78682.58,0.117,0.14,39341.0
NM,SFHA - Standard (A),Single family,146253.0,116013104.0,13509983.5,0.116,0.23,61689.0
AK,SFHA - Standard (A),Residential 2-4 units,1633.0,1406785.0,160803.37,0.114,0.67,17867.0
DE,SFHA - Standard (A),Single family,180280.0,149113539.0,16945488.1,0.114,1.01,11075.0
VA,SFHA - Velocity (V),Single family,10075.0,19618184.0,2215006.14,0.113,1.16,25756.0
NY,SFHA - Standard (A),Residential unit in multi-unit,5510.0,3271896.0,364292.7,0.111,0.82,16559.0
UT,Non-SFHA (B/C/X),Single family,39381.0,16107203.0,1775159.97,0.11,0.59,12863.0
NC,SFHA - Velocity (V),Single family,86516.0,201035942.0,22112217.9,0.11,1.82,20084.0
MA,SFHA - Standard (A),Single family,346780.0,504274258.0,55297688.4,0.11,1.04,19048.0
NE,SFHA - Standard (A),Residential 2-4 units,2728.0,1853700.0,201048.92,0.108,0.59,18277.0
WA,Non-SFHA (B/C/X),Non-residential,23723.0,40135535.0,4290162.63,0.107,0.25,84121.0
MD,SFHA - Standard (A),Residential 5+ / condo assoc,220596.0,51378586.0,5517667.62,0.107,0.07,50161.0
VI,Non-SFHA (B/C/X),Residential 5+ / condo assoc,4158.0,1405358.0,149319.63,0.106,0.22,21331.0
CA,SFHA - Standard (A),Residential 2-4 units,100337.0,104913300.0,11165466.29,0.106,0.29,49187.0
CA,SFHA - Standard (A),Non-residential,209603.0,438749053.0,45453485.36,0.104,0.36,80307.0
MD,Non-SFHA (B/C/X),Residential 2-4 units,6183.0,5399690.0,544353.32,0.101,0.55,23668.0
AL,SFHA - Standard (A),Mobile / manufactured home,1249.0,1012929.0,102121.43,0.101,0.4,20424.0
MA,SFHA - Standard (A),Residential 5+ / condo assoc,179201.0,82726465.0,8349111.89,0.101,0.18,35080.0
LA,Non-SFHA (B/C/X),Mobile / manufactured home,4366.0,2048414.0,203927.96,0.1,0.5,12745.0
NM,SFHA - Standard (A),Non-residential,17641.0,26896727.0,2586778.9,0.096,0.32,66328.0
CA,Non-SFHA (B/C/X),Single family,1492844.0,654316668.0,62302405.63,0.095,0.19,34421.0
SC,SFHA - Velocity (V),Single family,42863.0,150323261.0,14288876.7,0.095,2.02,23736.0
AZ,SFHA - Standard (A),Non-residential,27765.0,45029475.0,4280757.17,0.095,0.33,70176.0
PR,SFHA - Velocity (V),Single family,3147.0,3533375.0,333354.76,0.094,0.86,15152.0
MA,SFHA - Standard (A),Residential 2-4 units,51646.0,81695029.0,7705117.61,0.094,1.06,17354.0
CA,SFHA - Standard (A),Residential unit in multi-unit,12192.0,6109328.0,550842.73,0.09,0.21,42373.0
MD,SFHA - Velocity (V),Single family,4700.0,7420728.0,659871.04,0.089,0.77,24440.0
HI,Non-SFHA (B/C/X),Non-residential,9124.0,20654347.0,1828519.6,0.089,0.36,96238.0
MN,SFHA - Standard (A),Residential 5+ / condo assoc,4410.0,3469172.0,303695.28,0.088,0.86,8932.0
GA,SFHA - Velocity (V),Residential 5+ / condo assoc,3055.0,4523611.0,391511.19,0.087,0.23,65252.0
AK,Non-SFHA (B/C/X),Non-residential,1268.0,2496193.0,217011.52,0.087,0.63,43402.0
AZ,Non-SFHA (B/C/X),Residential 5+ / condo assoc,8693.0,3343972.0,285564.75,0.085,0.2,35696.0
PR,SFHA - Standard (A),Residential 5+ / condo assoc,55700.0,9547798.0,814955.9,0.085,0.07,32598.0
NM,SFHA - Standard (A),Residential 2-4 units,4829.0,2961766.0,247327.63,0.084,0.29,41221.0
NH,Non-SFHA (B/C/X),Residential 2-4 units,2434.0,1760849.0,144816.78,0.082,0.49,14482.0
CA,Non-SFHA (B/C/X),Non-residential,71623.0,130551430.0,10575960.2,0.081,0.3,70039.0
MS,SFHA - Velocity (V),Single family,18465.0,22393367.0,1811500.92,0.081,1.38,9585.0
LA,Non-SFHA (B/C/X),Residential unit in multi-unit,9983.0,3007839.0,240036.65,0.08,0.31,20003.0
CA,Non-SFHA (B/C/X),Residential 2-4 units,60895.0,30775819.0,2448704.09,0.08,0.18,30231.0
OR,Non-SFHA (B/C/X),Single family,158234.0,68455584.0,5371993.08,0.078,0.22,20741.0
CA,Non-SFHA (B/C/X),Mobile / manufactured home,1906.0,1243973.0,95637.21,0.077,0.37,15940.0
DE,Non-SFHA (B/C/X),Residential 5+ / condo assoc,15051.0,5554206.0,429221.54,0.077,0.11,42922.0
NV,SFHA - Standard (A),Non-residential,11009.0,29781629.0,2298452.35,0.077,0.45,65670.0
DC,SFHA - Standard (A),Single family,2667.0,2580345.0,193929.94,0.075,1.05,12121.0
CA,SFHA - Standard (A),Residential 5+ / condo assoc,233497.0,155445561.0,11626648.67,0.075,0.07,104745.0
OR,SFHA - Standard (A),Single family,212815.0,195755719.0,14735457.5,0.075,0.33,26695.0
ND,SFHA - Standard (A),Residential 5+ / condo assoc,1166.0,1204695.0,90153.18,0.075,0.69,12879.0
NV,Non-SFHA (B/C/X),Non-residential,4164.0,8427162.0,631782.42,0.075,0.43,157946.0
DE,SFHA - Standard (A),Residential 2-4 units,8533.0,9742899.0,691812.62,0.071,0.7,13304.0
ID,SFHA - Standard (A),Single family,49582.0,39344513.0,2726307.84,0.069,0.4,16624.0
CA,SFHA - Standard (A),Single family,1696711.0,1531314978.0,106391684.64,0.069,0.22,39100.0
AZ,SFHA - Standard (A),Residential 2-4 units,10007.0,7304336.0,485763.59,0.067,0.2,37366.0
MT,SFHA - Standard (A),Residential 5+ / condo assoc,3084.0,797892.0,52390.37,0.066,0.29,8732.0
WY,Non-SFHA (B/C/X),Single family,15585.0,6891526.0,453482.26,0.066,0.45,10797.0
DC,Non-SFHA (B/C/X),Residential 2-4 units,1021.0,416862.0,26993.12,0.065,1.76,2699.0
SC,Non-SFHA (B/C/X),Residential 2-4 units,26245.0,19341171.0,1212357.62,0.063,0.28,22875.0
UT,SFHA - Standard (A),Non-residential,3724.0,8449238.0,506820.12,0.06,0.19,168940.0
NC,SFHA - Velocity (V),Residential 2-4 units,7682.0,19607469.0,1161753.86,0.059,1.44,15088.0
IL,Non-SFHA (B/C/X),Residential unit in multi-unit,1177.0,526949.0,30416.62,0.058,0.76,15208.0
AZ,SFHA - Standard (A),Single family,273141.0,182695950.0,10484539.25,0.057,0.19,29870.0
MN,Non-SFHA (B/C/X),Residential 5+ / condo assoc,5282.0,2071032.0,115971.25,0.056,0.4,6822.0
DE,Non-SFHA (B/C/X),Single family,100472.0,43553800.0,2334639.36,0.054,0.32,10564.0
OR,SFHA - Standard (A),Residential 5+ / condo assoc,22307.0,15687767.0,800005.92,0.051,0.06,72728.0
NV,SFHA - Standard (A),Single family,108306.0,61885674.0,3185713.08,0.051,0.16,27945.0
OR,Non-SFHA (B/C/X),Residential 5+ / condo assoc,30437.0,6599090.0,326883.56,0.05,0.03,108961.0
AL,SFHA - Velocity (V),Non-residential,1869.0,13638902.0,682627.68,0.05,1.07,68263.0
AZ,SFHA - Standard (A),Mobile / manufactured home,3879.0,3289438.0,161201.78,0.049,0.26,23029.0
NM,SFHA - Standard (A),Mobile / manufactured home,2406.0,2359621.0,112974.17,0.048,0.54,12553.0
OR,SFHA - Standard (A),Non-residential,33632.0,60176077.0,2868332.24,0.048,0.32,36773.0
HI,SFHA - Velocity (V),Single family,18906.0,69992653.0,3284864.95,0.047,0.65,49771.0
ID,SFHA - Standard (A),Residential 2-4 units,2327.0,1819058.0,84579.36,0.046,0.21,42290.0
VA,SFHA - Velocity (V),Residential 5+ / condo assoc,7053.0,2180764.0,97097.05,0.045,0.06,24274.0
NJ,SFHA - Standard (A),Residential unit in multi-unit,11533.0,5651421.0,256968.07,0.045,0.27,14276.0
WY,SFHA - Standard (A),Single family,15001.0,15373763.0,693463.51,0.045,0.43,16511.0
MA,SFHA - Standard (A),Residential unit in multi-unit,4509.0,3149372.0,141926.54,0.045,0.29,20275.0
TX,SFHA - Velocity (V),Residential 5+ / condo assoc,42599.0,33653228.0,1413969.66,0.042,0.19,47132.0
DE,SFHA - Standard (A),Residential unit in multi-unit,2298.0,1163461.0,48738.32,0.042,0.17,24369.0
AL,SFHA - Velocity (V),Residential 2-4 units,1302.0,3326195.0,136688.72,0.041,2.46,6509.0
ID,Non-SFHA (B/C/X),Residential 5+ / condo assoc,2226.0,1121107.0,45051.3,0.04,0.13,15017.0
NV,Non-SFHA (B/C/X),Residential 5+ / condo assoc,3546.0,1490175.0,58889.25,0.04,0.2,29445.0
CT,SFHA - Standard (A),Residential unit in multi-unit,2044.0,1114183.0,42541.86,0.038,0.29,14181.0
UT,SFHA - Standard (A),Residential 2-4 units,1282.0,1071951.0,38520.88,0.036,0.16,19260.0
HI,Non-SFHA (B/C/X),Residential 5+ / condo assoc,235613.0,52316572.0,1879648.03,0.036,0.02,69617.0
SC,Non-SFHA (B/C/X),Residential unit in multi-unit,8194.0,2499406.0,91014.67,0.036,0.1,13002.0
MN,Non-SFHA (B/C/X),Residential 2-4 units,2444.0,942176.0,31583.32,0.034,0.41,6317.0
UT,SFHA - Standard (A),Residential 5+ / condo assoc,8385.0,3319579.0,112667.55,0.034,0.04,56334.0
OH,SFHA - Standard (A),Mobile / manufactured home,1181.0,937100.0,31491.12,0.034,0.25,15746.0
RI,SFHA - Velocity (V),Residential 5+ / condo assoc,4026.0,1509790.0,50233.67,0.033,0.12,16745.0
ID,Non-SFHA (B/C/X),Non-residential,1787.0,3058133.0,98717.56,0.032,0.28,19744.0
DC,SFHA - Standard (A),Residential 5+ / condo assoc,3384.0,2815336.0,87399.38,0.031,0.09,29133.0
TX,SFHA - Velocity (V),Single family,119073.0,304658668.0,9072802.61,0.03,0.67,21100.0
UT,Non-SFHA (B/C/X),Non-residential,1502.0,2645885.0,75684.91,0.029,0.4,15137.0
OR,Non-SFHA (B/C/X),Non-residential,11722.0,20975453.0,586260.21,0.028,0.16,41876.0
NC,SFHA - Standard (A),Residential unit in multi-unit,3229.0,1605724.0,44895.78,0.028,0.25,8979.0
MA,Non-SFHA (B/C/X),Residential 5+ / condo assoc,65891.0,20964113.0,542147.45,0.026,0.1,16942.0
MD,Non-SFHA (B/C/X),Residential 5+ / condo assoc,243724.0,47633837.0,1168351.42,0.025,0.02,40288.0
DE,SFHA - Velocity (V),Residential 5+ / condo assoc,18851.0,5217609.0,124950.84,0.024,0.02,62475.0
AZ,SFHA - Standard (A),Residential 5+ / condo assoc,38052.0,12874035.0,293864.46,0.023,0.01,146932.0
MS,SFHA - Standard (A),Mobile / manufactured home,1707.0,947645.0,21828.71,0.023,0.29,7276.0
OR,Non-SFHA (B/C/X),Mobile / manufactured home,1022.0,675628.0,14758.61,0.022,0.29,7379.0
MT,Non-SFHA (B/C/X),Non-residential,2047.0,2847640.0,60301.8,0.021,0.54,7538.0
OR,SFHA - Standard (A),Mobile / manufactured home,3138.0,3245859.0,54727.0,0.017,0.19,13682.0
DE,SFHA - Velocity (V),Single family,10216.0,25894420.0,424365.68,0.016,0.54,10104.0
OR,SFHA - Velocity (V),Single family,4119.0,8364926.0,126974.4,0.015,0.19,21162.0
NV,SFHA - Standard (A),Mobile / manufactured home,4029.0,3067130.0,46817.47,0.015,0.3,5852.0
HI,Non-SFHA (B/C/X),Residential unit in multi-unit,2065.0,1002445.0,13617.45,0.014,0.19,13617.0
UT,SFHA - Standard (A),Single family,15056.0,13380183.0,191542.48,0.014,0.2,11971.0
IL,SFHA - Velocity (V),Residential 5+ / condo assoc,5205.0,1089296.0,12537.69,0.012,0.08,12538.0
WY,Non-SFHA (B/C/X),Non-residential,1067.0,1651154.0,20481.38,0.012,0.47,6827.0
HI,SFHA - Standard (A),Residential 5+ / condo assoc,498472.0,148855624.0,1807036.15,0.012,0.01,66927.0
AZ,SFHA - Standard (A),Residential unit in multi-unit,1096.0,380942.0,4068.03,0.011,0.18,4068.0
MS,SFHA - Velocity (V),Residential 5+ / condo assoc,10828.0,3467831.0,31448.23,0.009,0.06,31448.0
ID,SFHA - Standard (A),Residential 5+ / condo assoc,8910.0,3206482.0,24470.9,0.008,0.11,8157.0
TX,SFHA - Standard (A),Residential unit in multi-unit,16981.0,8151131.0,55363.61,0.007,0.15,7909.0
TX,SFHA - Velocity (V),Residential unit in multi-unit,1218.0,631087.0,3964.49,0.006,0.25,3964.0
HI,SFHA - Velocity (V),Residential 2-4 units,1822.0,5666380.0,31189.63,0.006,0.16,15595.0
NV,SFHA - Standard (A),Residential 5+ / condo assoc,10626.0,4658591.0,24805.06,0.005,0.06,24805.0
MA,Non-SFHA (B/C/X),Residential unit in multi-unit,2992.0,1327922.0,6429.49,0.005,0.23,3215.0
ID,SFHA - Standard (A),Non-residential,6954.0,12175171.0,44657.87,0.004,0.12,8932.0
WA,SFHA - Velocity (V),Residential 5+ / condo assoc,2724.0,1470102.0,4824.33,0.003,0.04,4824.0
UT,Non-SFHA (B/C/X),Residential 5+ / condo assoc,5219.0,1157795.0,967.17,0.001,0.08,967.0
AK,SFHA - Standard (A),Residential 5+ / condo assoc,1502.0,862032.0,0.0,0.0,0.07,
PR,Non-SFHA (B/C/X),Residential 5+ / condo assoc,23675.0,2941072.0,0.0,0.0,0.02,
MD,Non-SFHA (B/C/X),Residential unit in multi-unit,3078.0,919805.0,0.0,0.0,0.03,
ID,Non-SFHA (B/C/X),Residential 2-4 units,1072.0,568603.0,0.0,0.0,0.09,
VA,SFHA - Standard (A),Residential unit in multi-unit,3027.0,1197515.0,0.0,0.0,0.0,
PR,SFHA - Standard (A),Residential unit in multi-unit,1188.0,325170.0,0.0,0.0,0.08,
CO,Non-SFHA (B/C/X),Residential unit in multi-unit,1852.0,746373.0,0.0,0.0,0.22,
MD,SFHA - Velocity (V),Residential 5+ / condo assoc,14562.0,6233817.0,0.0,0.0,0.01,
MD,SFHA - Standard (A),Residential unit in multi-unit,1575.0,559483.0,0.0,0.0,0.06,
IL,SFHA - Standard (A),Residential unit in multi-unit,1164.0,518561.0,0.0,0.0,0.17,
CO,SFHA - Standard (A),Residential unit in multi-unit,1073.0,562960.0,0.0,0.0,0.0,
DE,SFHA - Standard (A),Mobile / manufactured home,2016.0,2109718.0,0.0,0.0,0.0,
HI,SFHA - Standard (A),Residential unit in multi-unit,1131.0,901670.0,0.0,0.0,0.0,
