state,zone_class,claims,median_days_to_open,median_days_to_payment,p90_days_to_payment,pct_over_one_year
VI,SFHA - Standard (A),237,13.0,155.0,308.8,7.2
NJ,SFHA - Velocity (V),1205,7.0,149.0,1259.2,26.4
NY,SFHA - Velocity (V),993,7.0,123.0,459.0,12.9
FL,SFHA - Velocity (V),7829,5.0,114.0,449.2,12.7
CT,SFHA - Velocity (V),957,3.0,111.0,433.2,12.2
NJ,SFHA - Standard (A),95587,4.0,110.0,1234.0,19.8
RI,SFHA - Velocity (V),324,4.0,107.5,381.0,10.8
NY,SFHA - Standard (A),59164,3.0,107.0,1185.7,18.0
FL,SFHA - Standard (A),153722,4.0,102.0,370.0,10.5
NY,Non-SFHA (B/C/X),25598,3.0,98.0,863.3,15.0
SC,SFHA - Velocity (V),805,4.0,95.0,351.2,9.9
CT,SFHA - Standard (A),8478,2.0,92.0,365.0,10.0
NJ,Unknown,206,10.0,86.0,263.0,8.7
NJ,Non-SFHA (B/C/X),9447,3.0,85.0,302.0,8.5
SD,Non-SFHA (B/C/X),815,4.0,80.0,277.6,6.6
DE,SFHA - Standard (A),1857,5.0,80.0,254.0,6.4
NE,Non-SFHA (B/C/X),429,5.0,78.0,286.4,7.0
ND,Non-SFHA (B/C/X),1819,7.0,78.0,229.2,5.1
TX,SFHA - Standard (A),60533,2.0,78.0,293.0,7.2
PR,Non-SFHA (B/C/X),409,14.5,77.0,211.6,2.7
NM,Non-SFHA (B/C/X),296,3.0,74.5,278.0,4.1
VT,Non-SFHA (B/C/X),457,2.0,74.0,218.8,5.3
CT,Non-SFHA (B/C/X),2010,2.0,74.0,212.0,4.6
HI,Non-SFHA (B/C/X),307,3.0,74.0,252.0,5.9
TX,Non-SFHA (B/C/X),73834,2.0,74.0,251.0,5.7
VT,SFHA - Standard (A),1806,2.0,73.0,212.5,4.7
SC,SFHA - Standard (A),12131,4.0,73.0,218.0,5.0
ND,SFHA - Standard (A),1455,11.0,72.0,218.0,3.7
LA,SFHA - Standard (A),56139,3.0,72.0,319.0,8.6
RI,SFHA - Standard (A),1686,2.0,72.0,273.5,6.9
MA,SFHA - Velocity (V),871,4.0,71.0,265.0,5.6
NM,SFHA - Standard (A),328,2.0,70.0,283.6,8.2
MT,SFHA - Standard (A),324,3.0,70.0,283.3,6.8
PR,SFHA - Standard (A),1721,17.0,69.0,205.0,3.5
DE,Non-SFHA (B/C/X),281,3.0,69.0,192.0,3.2
NH,SFHA - Standard (A),724,3.0,68.5,241.4,5.0
CA,Non-SFHA (B/C/X),2376,3.0,68.5,260.5,5.6
TX,Unknown,1472,9.0,68.0,160.9,2.0
FL,Non-SFHA (B/C/X),19225,3.0,68.0,245.0,5.9
ME,SFHA - Standard (A),812,3.0,68.0,231.9,5.9
MD,SFHA - Standard (A),3044,3.0,68.0,228.0,5.9
ME,Non-SFHA (B/C/X),303,3.0,68.0,324.6,8.3
LA,SFHA - Velocity (V),1626,6.0,66.0,243.0,5.3
SC,Unknown,241,14.0,65.0,132.0,1.7
PA,SFHA - Standard (A),14349,2.0,65.0,195.0,4.3
CA,SFHA - Standard (A),3923,3.0,65.0,238.8,4.7
SC,Non-SFHA (B/C/X),3904,3.0,64.0,198.7,3.7
PA,Non-SFHA (B/C/X),5377,2.0,64.0,197.0,4.5
AZ,Non-SFHA (B/C/X),440,2.0,63.0,206.2,3.9
SD,SFHA - Standard (A),719,3.0,63.0,287.0,7.8
HI,SFHA - Standard (A),770,3.0,62.5,248.2,5.6
KS,Non-SFHA (B/C/X),505,2.0,62.0,273.6,5.3
TX,SFHA - Velocity (V),724,4.0,62.0,212.7,5.4
MT,Non-SFHA (B/C/X),290,3.0,61.5,199.9,4.1
MO,SFHA - Standard (A),8246,3.0,61.0,263.0,6.6
MN,Non-SFHA (B/C/X),1089,4.0,61.0,215.2,3.9
VA,Non-SFHA (B/C/X),3390,2.0,61.0,163.0,2.0
NC,SFHA - Standard (A),29091,4.0,61.0,222.0,5.5
GA,SFHA - Standard (A),6106,3.0,61.0,246.5,5.0
AZ,SFHA - Standard (A),464,2.0,61.0,206.5,4.5
VA,SFHA - Standard (A),12123,3.0,60.0,170.0,3.3
NC,Non-SFHA (B/C/X),7782,4.0,60.0,193.0,3.8
MD,Non-SFHA (B/C/X),1633,2.0,59.0,183.8,3.6
MA,SFHA - Standard (A),4156,3.0,59.0,193.5,3.8
LA,Non-SFHA (B/C/X),22020,2.0,59.0,221.0,5.2
MA,Non-SFHA (B/C/X),1519,2.0,58.0,181.0,3.0
OR,Non-SFHA (B/C/X),309,2.0,58.0,221.8,4.9
OR,SFHA - Standard (A),704,3.0,57.0,225.0,6.1
MN,SFHA - Standard (A),1098,4.0,57.0,169.0,4.0
IA,Non-SFHA (B/C/X),1206,2.0,56.0,203.0,4.9
WA,Non-SFHA (B/C/X),1039,3.0,56.0,184.4,3.8
NC,SFHA - Velocity (V),1914,4.0,55.0,197.1,4.4
WA,SFHA - Standard (A),3554,3.0,55.0,210.7,4.5
CO,SFHA - Standard (A),1177,4.0,55.0,260.6,6.4
MS,SFHA - Standard (A),5351,4.0,55.0,244.0,5.4
OK,Non-SFHA (B/C/X),909,2.0,55.0,215.0,3.6
MO,Non-SFHA (B/C/X),1561,2.0,54.0,189.0,4.0
IL,SFHA - Standard (A),8554,4.0,54.0,193.0,4.9
CO,Non-SFHA (B/C/X),1256,2.0,54.0,182.5,2.9
IA,SFHA - Standard (A),2481,3.0,54.0,189.0,5.1
KS,SFHA - Standard (A),793,1.0,54.0,211.4,4.4
WV,Non-SFHA (B/C/X),1007,2.0,53.0,155.4,2.6
NE,SFHA - Standard (A),1552,3.0,53.0,283.7,6.4
MI,Non-SFHA (B/C/X),1180,2.0,53.0,203.0,3.5
OK,SFHA - Standard (A),1591,2.0,53.0,204.0,3.6
AL,SFHA - Standard (A),4678,3.0,52.0,174.0,3.4
IN,SFHA - Standard (A),2970,3.0,52.0,189.1,3.8
GA,Non-SFHA (B/C/X),2783,2.0,51.0,179.8,4.2
IL,Non-SFHA (B/C/X),3026,2.0,51.0,158.5,2.3
TN,Non-SFHA (B/C/X),2878,2.0,50.0,170.0,3.6
AL,Non-SFHA (B/C/X),2122,2.0,50.0,174.0,3.0
MI,SFHA - Standard (A),2830,2.0,49.0,209.0,3.4
WV,SFHA - Standard (A),3062,2.0,49.0,145.0,2.5
TN,SFHA - Standard (A),6334,2.0,49.0,185.0,4.7
MS,Non-SFHA (B/C/X),3086,2.0,49.0,155.0,3.0
WI,Non-SFHA (B/C/X),1001,2.0,49.0,169.0,3.5
RI,Non-SFHA (B/C/X),859,2.0,49.0,147.4,2.9
AR,SFHA - Standard (A),2956,2.0,48.0,202.0,4.9
WI,SFHA - Standard (A),1329,2.0,48.0,219.0,5.8
IN,Non-SFHA (B/C/X),1041,2.0,47.0,158.0,3.3
OH,Non-SFHA (B/C/X),1823,1.0,47.0,144.0,2.3
NC,Unknown,383,17.0,47.0,116.6,1.3
MS,SFHA - Velocity (V),277,5.0,47.0,147.2,2.2
KY,Non-SFHA (B/C/X),1733,2.0,46.0,141.8,3.4
AL,SFHA - Velocity (V),836,5.0,46.0,141.5,2.3
KY,SFHA - Standard (A),7333,3.0,45.0,144.0,2.2
AR,Non-SFHA (B/C/X),1255,2.0,44.0,137.6,1.8
OH,SFHA - Standard (A),3500,2.0,41.0,127.1,1.7
