zone_class,occupancy_group,claims,median_damage_to_coverage,pct_coverage_exhausted,avg_building_damage,avg_building_coverage,avg_building_paid
Unknown,Single family,3144,0.744,36.1,28967.0,37774.0,22142.0
SFHA - Velocity (V),Mobile / manufactured home,204,0.488,26.5,38790.0,76672.0,33482.0
SFHA - Standard (A),Mobile / manufactured home,6899,0.232,17.4,27864.0,82199.0,24435.0
SFHA - Velocity (V),Non-residential,2488,0.114,12.8,82822.0,301504.0,69127.0
SFHA - Standard (A),Non-residential,41585,0.218,11.5,95941.0,287317.0,80073.0
Undetermined (D),Single family,223,0.289,9.4,55114.0,166126.0,53046.0
SFHA - Velocity (V),Residential 2-4 units,727,0.106,9.2,59081.0,245269.0,53453.0
Non-SFHA (B/C/X),Non-residential,12717,0.171,8.9,82057.0,300682.0,73984.0
Non-SFHA (B/C/X),Residential 5+ / condo assoc,5464,0.104,6.8,111649.0,2420165.0,102944.0
SFHA - Velocity (V),Single family,14554,0.072,6.0,44667.0,218636.0,41470.0
Non-SFHA (B/C/X),Mobile / manufactured home,994,0.144,5.6,18430.0,95200.0,17501.0
SFHA - Standard (A),Residential 5+ / condo assoc,30587,0.081,5.4,153866.0,2298505.0,145488.0
SFHA - Standard (A),Single family,500011,0.159,4.3,47891.0,195208.0,47267.0
SFHA - Velocity (V),Residential 5+ / condo assoc,1809,0.028,3.7,295174.0,4991810.0,286857.0
SFHA - Standard (A),Residential 2-4 units,32607,0.139,3.5,42732.0,223308.0,39888.0
Non-SFHA (B/C/X),Residential 2-4 units,7333,0.121,3.4,35980.0,203477.0,33986.0
Non-SFHA (B/C/X),Single family,187903,0.113,2.9,40757.0,200627.0,40947.0
SFHA - Standard (A),Residential unit in multi-unit,2643,0.002,2.8,16619.0,133401.0,15371.0
Non-SFHA (B/C/X),Residential unit in multi-unit,996,0.099,2.0,25341.0,162124.0,25019.0
SFHA - Velocity (V),Residential unit in multi-unit,241,0.0,1.7,8245.0,101680.0,7299.0
