year_of_loss,zone_class,claims,paid,pct_of_year_paid
2009,SFHA - Standard (A),18983,477545615.35,61.3
2009,Non-SFHA (B/C/X),11630,294245979.28,37.8
2009,SFHA - Velocity (V),244,4201334.73,0.5
2009,Unknown,121,1537245.71,0.2
2009,Undetermined (D),28,1246640.86,0.2
2010,SFHA - Standard (A),18919,546856274.44,70.8
2010,Non-SFHA (B/C/X),9750,217718859.69,28.2
2010,SFHA - Velocity (V),242,4773233.31,0.6
2010,Unknown,188,2248294.89,0.3
2010,Undetermined (D),22,866845.84,0.1
2011,SFHA - Standard (A),59602,1861091610.93,76.6
2011,Non-SFHA (B/C/X),17565,532034591.77,21.9
2011,SFHA - Velocity (V),723,31555641.39,1.3
2011,Unknown,242,3344759.83,0.1
2011,Undetermined (D),30,1151468.02,0.0
2012,SFHA - Standard (A),124602,7927707835.82,81.6
2012,Non-SFHA (B/C/X),25361,1533168301.66,15.8
2012,SFHA - Velocity (V),3538,251429086.7,2.6
2012,Unknown,248,5779503.93,0.1
2012,Undetermined (D),26,992931.77,0.0
2013,SFHA - Standard (A),11406,330805934.36,67.4
2013,Non-SFHA (B/C/X),6206,152519972.1,31.1
2013,SFHA - Velocity (V),229,5764413.97,1.2
2013,Unknown,117,1294993.61,0.3
2013,Undetermined (D),11,603256.52,0.1
2014,Non-SFHA (B/C/X),6648,210138036.35,55.1
2014,SFHA - Standard (A),5982,166067458.79,43.6
2014,SFHA - Velocity (V),191,3318198.89,0.9
2014,Undetermined (D),16,1115923.62,0.3
2014,Unknown,51,647329.65,0.2
2015,SFHA - Standard (A),15905,716789079.55,68.6
2015,Non-SFHA (B/C/X),9752,320039789.25,30.6
2015,SFHA - Velocity (V),253,6483236.4,0.6
2015,Unknown,98,1807719.71,0.2
2015,Undetermined (D),3,70229.12,0.0
2016,SFHA - Standard (A),51660,3402149946.07,76.2
2016,Non-SFHA (B/C/X),17411,1021471223.36,22.9
2016,SFHA - Velocity (V),1014,36648104.73,0.8
2016,Unknown,257,4811998.66,0.1
2016,Undetermined (D),25,1676570.01,0.0
2017,SFHA - Standard (A),63072,5655069316.29,53.1
2017,Non-SFHA (B/C/X),47100,4888921597.06,45.9
2017,SFHA - Velocity (V),1265,69595947.34,0.7
2017,Unknown,1113,31008855.95,0.3
2017,Undetermined (D),43,5322411.68,0.0
2018,SFHA - Standard (A),22228,1040317524.41,66.9
2018,Non-SFHA (B/C/X),9066,438675483.48,28.2
2018,SFHA - Velocity (V),1620,60196179.72,3.9
2018,Unknown,642,15649791.33,1.0
2018,Undetermined (D),16,695569.68,0.0
2019,Non-SFHA (B/C/X),13393,794124998.51,52.4
2019,SFHA - Standard (A),15248,706898968.44,46.6
2019,Unknown,326,10530073.99,0.7
2019,SFHA - Velocity (V),176,4754530.35,0.3
2019,Undetermined (D),11,319945.03,0.0
2020,SFHA - Standard (A),16408,651588812.41,69.9
2020,Non-SFHA (B/C/X),6593,247056363.27,26.5
2020,SFHA - Velocity (V),1381,32488786.12,3.5
2020,Unknown,22,704426.98,0.1
2020,Undetermined (D),8,650937.8,0.1
2021,SFHA - Standard (A),23098,1399113188.39,71.4
2021,Non-SFHA (B/C/X),11404,526715584.32,26.9
2021,SFHA - Velocity (V),769,31911570.39,1.6
2021,Undetermined (D),12,455250.64,0.0
2021,Unknown,1,28150.31,0.0
2022,SFHA - Standard (A),40629,4501967591.44,85.7
2022,SFHA - Velocity (V),1967,480179480.37,9.1
2022,Non-SFHA (B/C/X),4264,270369214.36,5.1
2022,Undetermined (D),1,30253.6,0.0
2023,SFHA - Standard (A),13360,844906691.64,86.4
2023,Non-SFHA (B/C/X),2722,97489227.37,10.0
2023,SFHA - Velocity (V),442,34727983.91,3.6
2023,Undetermined (D),7,212581.46,0.0
2023,Unknown,1,10657.64,0.0
2024,SFHA - Standard (A),74515,7932408856.19,90.1
2024,Non-SFHA (B/C/X),7226,449948961.44,5.1
2024,SFHA - Velocity (V),3555,417410273.67,4.7
2024,Undetermined (D),5,408477.56,0.0
2024,Unknown,7,213694.66,0.0
2025,SFHA - Standard (A),7002,396412694.01,63.3
2025,Non-SFHA (B/C/X),3425,223123554.74,35.6
2025,SFHA - Velocity (V),120,6236958.36,1.0
2025,Unknown,5,200516.87,0.0
2025,Undetermined (D),1,2631.25,0.0
